slug,showcased,title,series_name,release_date,japanese_title,url,runtime,poster_url,transliteration,translation,aliases_json
13-assassins-2010,TRUE,13 Assassins,,2010-09-25,十三人の刺客,/films/13-assassins-2010,141,/static/images/films/posters/13-assassins-2010.webp,Jûsan'nin No Shikaku,13 Assassins,[]
20th-century-boys-1-the-beginning-of-the-end-2008,TRUE,20th Century Boys 1: The Beginning of the End,20th Century Boys,2008-08-30,本格科学冒険映画 20世紀少年 第1章 終わりの始まり,/films/20th-century-boys-1-the-beginning-of-the-end-2008,142,/static/images/films/posters/20th-century-boys-1-the-beginning-of-the-end-2008.webp,Honkaku Kagaku Bôken Eiga Nijû Seiki Shônen Dai Ichi-Shô Owari No Hajimari,Real Science Adventure Movie 20th Century Boys Chapter 1 The Beginning of the End,[]
20th-century-boys-2-the-last-hope-2009,TRUE,20th Century Boys 2: The Last Hope,20th Century Boys,2009-01-31,本格科学冒険映画 20世紀少年 第2章 最後の希望,/films/20th-century-boys-2-the-last-hope-2009,139,/static/images/films/posters/20th-century-boys-2-the-last-hope-2009.webp,Honkaku Kagaku Bôken Eiga Nijû Seiki Shônen Dai Ni-Shô Saigo No Kibô,Real Science Adventure Movie 20th Century Boys Chapter 2 Last Hope,[]
20th-century-boys-3-redemption-2009,TRUE,20th Century Boys 3: Redemption,20th Century Boys,2009-08-29,本格科学冒険映画 20世紀少年 最終章 ぼくらの旗,/films/20th-century-boys-3-redemption-2009,155,/static/images/films/posters/20th-century-boys-3-redemption-2009.webp,Honkaku Kagaku Bôken Eiga Nijû Seiki Shônen Saishû-Shô Boku-ra No Hata,Real Science Adventure Movie 20th Century Boys Final Chapter Our Flag,[]
a-keg-of-powder-1964,FALSE,A Keg of Powder,International Secret Police,1964-12-09,国際秘密警察 火薬の樽
adventure-of-kigan-castle-1966,TRUE,The Adventure of Kigan Castle,,1966-04-28,奇巌城の冒険,/films/adventure-of-kigan-castle-1966,100,/static/images/films/posters/adventure-of-kigan-castle-1966.webp,Kiganjô No Bôken,The Adventure of Strange Rock Castle,"[{""alias"":""The Adventure of Taklamakan"",""context"":""International Title""}]"
adventures-of-zatoichi-1964,TRUE,Adventures of Zatoichi,Zatoichi,1964-12-30,座頭市関所破り,/films/adventures-of-zatoichi-1964,86,/static/images/films/posters/adventures-of-zatoichi-1964.webp,Zatôichi Sekishoyaburi,Zatôichi Checkpoint Breaker,[]
age-of-assassins-1967,FALSE,The Age of Assassins,,1967-02-04,殺人狂時代,,,,,,
akira-1988,TRUE,Akira,,1988-07-16,アキラ,/films/akira-1988,124,/static/images/films/posters/akira-1988.webp,Akira,Akira,[]
alive-2003,TRUE,Alive,,2003-06-21,ALIVE,/films/alive-2003,150,/static/images/films/posters/alive-2003.webp,,,[]
all-monsters-attack-1969,TRUE,All Monsters Attack,Godzilla,1969-12-20,ゴジラ・ミニラ・ガバラ オール怪獣大進撃,/films/all-monsters-attack-1969,70,/static/images/films/posters/all-monsters-attack-1969.webp,Gojira Minira Gabara Ôru Kaijû Daishingeki,Godzilla Minilla Gabara All Monsters Great Attack,"[{""alias"":""Godzilla's Revenge"",""context"":""American Theatrical Release""}]"
all-round-appraiser-q-the-eyes-of-mona-lisa-2014,TRUE,All-Round Appraiser Q: The Eyes of Mona Lisa,,2014-05-31,万能鑑定士Q -モナ・リザの瞳-,/films/all-round-appraiser-q-the-eyes-of-mona-lisa-2014,119,/static/images/films/posters/all-round-appraiser-q-the-eyes-of-mona-lisa-2014.webp,Hon'nô Kanetei-Shi Q Mona Riza No Hitomi,All-Round Appraiser Q Eyes of Mona Lisa,[]
always-sunset-on-third-street-2-2007,TRUE,Always: Sunset on Third Street 2,Always: Sunset on Third Street,2007-11-03,ALWAYS 続・三丁目の夕日,/films/always-sunset-on-third-street-2-2007,146,/static/images/films/posters/always-sunset-on-third-street-2-2007.webp,Always Zoku Sanchôme No Yûhi,Always Continued Sunset on Third Street,[]
always-sunset-on-third-street-2005,TRUE,Always: Sunset on Third Street,Always: Sunset on Third Street,2005-11-05,ALWAYS 三丁目の夕日,/films/always-sunset-on-third-street-2005,133,/static/images/films/posters/always-sunset-on-third-street-2005.webp,Always Sanchôme No Yûhi,Always Sunset on Third Street,[]
always-sunset-on-third-street-3-2012,TRUE,Always: Sunset on Third Street 3,Always: Sunset on Third Street,2012-01-21,ALWAYS 三丁目の夕日'64,/films/always-sunset-on-third-street-3-2012,142,/static/images/films/posters/always-sunset-on-third-street-3-2012.webp,Always Sanchôme No Yûhi '64,Always Sunset on Third Street '64,[]
aragami-2003,TRUE,Aragami,,2003-03-27,荒神,/films/aragami-2003,78,/static/images/films/posters/aragami-2003.webp,Aragami,Aragami,[]
assassination-classroom-2015,TRUE,Assassination Classroom,Assassination Classroom,2015-03-21,暗殺教室,/films/assassination-classroom-2015,110,/static/images/films/posters/assassination-classroom-2015.webp,Ansatsu Kyôshitsu,Assassination Classroom,[]
assassination-classroom-graduation-2016,TRUE,Assassination Classroom: Graduation,Assassination Classroom,2016-03-25,暗殺教室〜卒業編〜,/films/assassination-classroom-graduation-2016,117,/static/images/films/posters/assassination-classroom-graduation-2016.webp,Ansatsu Kyôshitsu Sotsugyô-hen,Assassination Classroom Graduation,[]
assault-girls-2009,TRUE,Assault Girls,,2009-12-19,ASSAULT GIRLS,/films/assault-girls-2009,70,/static/images/films/posters/assault-girls-2009.webp,,,[]
atragon-1963,TRUE,Atragon,,1963-12-22,海底軍艦,/films/atragon-1963,94,/static/images/films/posters/atragon-1963.webp,Kaitei Gunkan,Undersea Warship,[]
attack-on-titan-2015,TRUE,Attack on Titan,Attack on Titan,2015-08-01,進撃の巨人,/films/attack-on-titan-2015,98,/static/images/films/posters/attack-on-titan-2015.webp,Shingeki No Kyojin,Attack on Titan,"[{""alias"":""Attack on Titan the Movie: Part 1"",""context"":""American Home Video""}]"
attack-on-titan-end-of-the-world-2015,TRUE,Attack on Titan: End of the World,Attack on Titan,2015-09-19,進撃の巨人 エンド オブ ザ ワールド,/films/attack-on-titan-end-of-the-world-2015,87,/static/images/films/posters/attack-on-titan-end-of-the-world-2015.webp,Shingeki No Kyojin Endo Obu Za Wârudo,Attack on Titan End of the World,"[{""alias"":""Attack on Titan the Movie: Part 2"",""context"":""American Home Video""}]"
avalon-2001,TRUE,Avalon,,2001-01-20,アヴァロン,/films/avalon-2001,106,/static/images/films/posters/avalon-2001.webp,Avaron,Avalon,[]
azumi-2-death-or-love-2005,TRUE,Azumi 2: Death or Love,Azumi,2005-03-12,あずみ2 Death or Love,/films/azumi-2-death-or-love-2005,112,/static/images/films/posters/azumi-2-death-or-love-2005.webp,Azumi 2 Death or Love,Azumi 2 Death or Love,[]
azumi-2003,TRUE,Azumi,Azumi,2003-05-10,あずみ,/films/azumi-2003,142,/static/images/films/posters/azumi-2003.webp,Azumi,Azumi,[]
ballad-2009,TRUE,Ballad,,2009-09-05,BALLAD 名もなき恋のうた,/films/ballad-2009,132,/static/images/films/posters/ballad-2009.webp,Ballad Namonaki Koi No Uta,Ballad Nameless Love Song,[]
battle-in-outer-space-1959,TRUE,Battle in Outer Space,,1959-12-26,宇宙大戦争,/films/battle-in-outer-space-1959,91,/static/images/films/posters/battle-in-outer-space-1959.webp,Uchû Daisensô,Space Great War,[]
battle-royale-2000,TRUE,Battle Royale,Battle Royale,2000-12-16,バトル・ロワイアル,/films/battle-royale-2000,114,/static/images/films/posters/battle-royale-2000.webp,Batoru Rowaiaru,Battle Royale,[]
battle-royale-ii-requiem-2003,TRUE,Battle Royale II: Requiem,Battle Royale,2003-07-05,バトル・ロワイアルII <ruby>鎮魂歌<rt>レクイエム</rt></ruby>,/films/battle-royale-ii-requiem-2003,133,/static/images/films/posters/battle-royale-ii-requiem-2003.webp,Batoru Rowaiaru II Chinkonka (Rekuiemu),Battle Royale II Requiem,[]
booted-babe-busted-boss-1968,FALSE,"Booted Babe, Busted Boss","100 Shot, 100 Killed",1968-03-16,100発100中 黄金の眼,,,,,,
bravo-young-guy-1970,FALSE,"Bravo, Young Guy",Young Guy,1970-01-01,ブラボー!若大将,,,,,,
bullet-train-1975,TRUE,The Bullet Train,,1975-07-05,新幹線大爆破,/films/bullet-train-1975,152,/static/images/films/posters/bullet-train-1975.webp,Shinkansen Daibakuha,Bullet Train Great Explosion,[]
campus-a-go-go-1965,FALSE,Campus A-Go-Go,Young Guy,1965-12-19,エレキの若大将,,,,,,
casshern-2004,TRUE,Casshern,,2004-04-24,CASSHERN,/films/casshern-2004,141,/static/images/films/posters/casshern-2004.webp,,,[]
castle-in-the-sky-1986,TRUE,Castle in the Sky,,1986-08-02,天空の城ラピュタ,/films/castle-in-the-sky-1986,124,/static/images/films/posters/castle-in-the-sky-1986.webp,Tenkû No Shiro Rapyuta,Castle Laputa in the Sky,[]
chushingura-1962,FALSE,Chushingura,,1962-11-03,忠臣蔵 花の巻 雪の巻,,,,,,
conflagration-1975,TRUE,Conflagration,,1975-07-12,東京湾炎上,/films/conflagration-1975,100,/static/images/films/posters/conflagration-1975.webp,Tôkyô-wan Enjô,Tokyo Bay Burns,[]
crossfire-2000,TRUE,Crossfire,,2000-06-10,クロスファイア,/films/crossfire-2000,115,/static/images/films/posters/crossfire-2000.webp,Kurosufaia,Crossfire,"[{""alias"":""Pyrokinesis"",""context"":""American Home Video""}]"
daigoro-vs-goliath-1972,TRUE,Daigoro vs. Goliath,,1972-12-17,怪獣大奮戦 ダイゴロウ対ゴリアス,/films/daigoro-vs-goliath-1972,85,/static/images/films/posters/daigoro-vs-goliath-1972.webp,Kaijû Daifunsen Daigorô Tai Goriasu,Monster Great Battle Daigoro vs. Goliath,[]
daimajin-1966,TRUE,Daimajin,Daimajin,1966-04-17,大魔神,/films/daimajin-1966,84,/static/images/films/posters/daimajin-1966.webp,Daimajin,Daimajin,[]
daredevil-in-the-castle-1961,TRUE,Daredevil in the Castle,Osaka Castle,1961-01-03,大坂城物語,/films/daredevil-in-the-castle-1961,95,/static/images/films/posters/daredevil-in-the-castle-1961.webp,Ôsakajô Monogatari,Osaka Castle Story,[]
daughter-of-the-samurai-1937,FALSE,Daughter of the Samurai,,1937-02-04,新しき土,,,,,,
death-note-2006,TRUE,Death Note,Death Note,2006-06-17,デスノート,/films/death-note-2006,126,/static/images/films/posters/death-note-2006.webp,Desu Nôto,Death Note,[]
death-note-light-up-the-new-world-2016,TRUE,Death Note: Light Up the New World,Death Note,2016-10-29,デスノート Light up the NEW world,/films/death-note-light-up-the-new-world-2016,135,/static/images/films/posters/death-note-light-up-the-new-world-2016.webp,Desu Nôto Light Up the New World,Death Note Light Up the New World,[]
death-note-the-last-name-2006,TRUE,Death Note: The Last Name,Death Note,2006-11-03,デスノート the Last name,/films/death-note-the-last-name-2006,140,/static/images/films/posters/death-note-the-last-name-2006.webp,Desu Nôto The Last Name,Death Note The Last Name,[]
destroy-all-monsters-1968,TRUE,Destroy All Monsters,Godzilla,1968-08-01,怪獣総進撃,/films/destroy-all-monsters-1968,89,/static/images/films/posters/destroy-all-monsters-1968.webp,Kaijû Sôshingeki,Monster All-Out Attack,[]
dogora-1964,TRUE,Dogora,,1964-08-11,宇宙大怪獣ドゴラ,/films/dogora-1964,81,/static/images/films/posters/dogora-1964.webp,Uchû Daikaijû Dogora,Space Giant Monster Dogora,"[{""alias"":""Dogora, the Space Monster"",""context"":""American Theatrical Release""}]"
dororo-2007,TRUE,Dororo,,2007-01-27,どろろ,/films/dororo-2007,138,/static/images/films/posters/dororo-2007.webp,Dororo,Dororo,[]
early-summer-1951,FALSE,Early Summer,,1951-10-03,麥秋,,,,,,
ebirah-horror-of-the-deep-1966,TRUE,"Ebirah, Horror of the Deep",Godzilla,1966-12-17,ゴジラ・エビラ・モスラ 南海の大決闘,/films/ebirah-horror-of-the-deep-1966,87,/static/images/films/posters/ebirah-horror-of-the-deep-1966.webp,Gojira Ebira Mosura Nankai No Daikettô,Godzilla Ebirah Mothra Great Duel in the South Seas,"[{""alias"":""Godzilla vs. the Sea Monster"",""context"":""American Theatrical Release""}]"
ecology-of-marriage-1940,FALSE,Ecology of Marriage,,1941-07-30,結婚の生態,,,,,,
eko-eko-azarak-ii-birth-of-the-wizard-1996,TRUE,Eko Eko Azarak II: Birth of the Wizard,Eko Eko Azarak,1996-04-10,エコエコアザラクII -BIRTH OF THE WIZARD-,/films/eko-eko-azarak-ii-birth-of-the-wizard-1996,83,/static/images/films/posters/eko-eko-azarak-ii-birth-of-the-wizard-1996.webp,Eko Eko Azaraku II Birth of the Wizard,Eko Eko Azarak II Birth of the Wizard,[]
eko-eko-azarak-iii-misa-the-dark-angel-1998,TRUE,Eko Eko Azarak III: Misa the Dark Angel,Eko Eko Azarak,1998-01-15,エコエコアザラクIII -MISA THE DARK ANGEL-,/films/eko-eko-azarak-iii-misa-the-dark-angel-1998,95,/static/images/films/posters/eko-eko-azarak-iii-misa-the-dark-angel-1998.webp,Eko Eko Azaraku III Misa the Dark Angel,Eko Eko Azarak III Misa the Dark Angel,[]
eko-eko-azarak-wizard-of-darkness-1995,TRUE,Eko Eko Azarak: Wizard of Darkness,Eko Eko Azarak,1995-04-08,エコエコアザラク -WIZARD OF DARKNESS-,/films/eko-eko-azarak-wizard-of-darkness-1995,80,/static/images/films/posters/eko-eko-azarak-wizard-of-darkness-1995.webp,Eko Eko Azaraku Wizard of Darkness,Eko Eko Azarak Wizard of Darkness,[]
enthusiastic-president-1956,FALSE,Enthusiastic President,Company President,1956-07-13,はりきり社長,,,,,,[]
espy-1974,TRUE,ESPY,,1974-12-28,エスパイ,/films/espy-1974,94,/static/images/films/posters/espy-1974.webp,Esupai,ESPY,[]
eternal-zero-2013,TRUE,The Eternal Zero,,2013-12-21,永遠の<ruby>0<rt>ゼロ</rt></ruby>,/films/eternal-zero-2013,144,/static/images/films/posters/eternal-zero-2013.webp,Eien No Zero,Eternal Zero,[]
evil-of-dracula-1974,TRUE,Evil of Dracula,Bloodthirsty,1974-07-20,血を吸う薔薇,/films/evil-of-dracula-1974,83,/static/images/films/posters/evil-of-dracula-1974.webp,Chiwosuu Bara,Bloodthirsty Rose,[]
fight-zatoichi-fight-1964,TRUE,"Fight, Zatoichi, Fight",Zatoichi,1964-10-17,座頭市血笑旅,/films/fight-zatoichi-fight-1964,87,/static/images/films/posters/fight-zatoichi-fight-1964.webp,Zatôichi Kesshôtabi,Zatôichi Bloody Journey,[]
floating-clouds-1955,FALSE,Floating Clouds,,1955-01-15,浮雲,,,,,,
flowing-1956,FALSE,Flowing,,1956-11-20,流れる,,,,,,
flying-phantom-ship-1969,FALSE,Flying Phantom Ship,,1969-05-05,空飛ぶゆうれい船,,,,,,
frankenstein-conquers-the-world-1965,TRUE,Frankenstein Conquers the World,Frankenstein,1965-08-08,フランケンシュタイン対<ruby>地底怪獣<rt>バラゴン</rt></ruby>,/films/frankenstein-conquers-the-world-1965,94,/static/images/films/posters/frankenstein-conquers-the-world-1965.webp,Furankenshutain Tai Chitei Kaijû (Baragon),Frankenstein vs. Underground Monster (Baragon),"[{""alias"":""Frankenstein vs. Baragon"",""context"":""International Title""}]"
freshman-young-guy-1969,FALSE,Freshman Young Guy,Young Guy,1969-01-01,フレッシュマン若大将,,,,,,
friends-naki-on-monster-island-2011,TRUE,Friends: Naki on Monster Island,,2011-12-17,<ruby>friends<rt>フレンズ</rt></ruby> もののけ島のナキ,/films/friends-naki-on-monster-island-2011,87,/static/images/films/posters/friends-naki-on-monster-island-2011.webp,friends Mononoke Shima No Naki,Friends Naki on Monster Island,[]
fueled-the-man-they-called-pirate-2016,TRUE,Fueled: The Man They Called Pirate,,2016-12-10,海賊とよばれた男,/films/fueled-the-man-they-called-pirate-2016,145,/static/images/films/posters/fueled-the-man-they-called-pirate-2016.webp,Kaizoku To Yobareta Otoko,The Man Called Pirate,[]
g-i-samurai-1979,TRUE,G.I. Samurai,,1979-12-15,戦国自衛隊,/films/g-i-samurai-1979,139,/static/images/films/posters/g-i-samurai-1979.webp,Sengoku Jieitai,Sengoku Self Defense Force,"[{""alias"":""Time Slip"",""context"":""American Home Video""}]"
gamera-2-attack-of-legion-1996,TRUE,Gamera 2: Attack of Legion,Gamera,1996-07-13,ガメラ2 レギオン襲来,/films/gamera-2-attack-of-legion-1996,99,/static/images/films/posters/gamera-2-attack-of-legion-1996.webp,Gamera 2 Region Shûrai,Gamera 2 Legion Attack,"[{""alias"":""Gamera 2: The Real Guardian of the Universe"",""context"":""Japanese Trailer Title""}]"
gamera-3-revenge-of-iris-1999,TRUE,Gamera 3: Revenge of Iris,Gamera,1999-03-06,ガメラ3 <ruby>邪神<rt>イリス</rt></ruby>覚醒,/films/gamera-3-revenge-of-iris-1999,108,/static/images/films/posters/gamera-3-revenge-of-iris-1999.webp,Gamera 3 Jashin (Irisu) Kakusei,Gamera 3 Evil God (Iris) Awakening,"[{""alias"":""The Absolute Guardian of the Universe - Gamera 3: Incomplete Struggle"",""context"":""Japanese Title Card""}]"
gamera-guardian-of-the-universe-1995,TRUE,Gamera: Guardian of the Universe,Gamera,1995-03-11,ガメラ 大怪獣空中決戦,/films/gamera-guardian-of-the-universe-1995,95,/static/images/films/posters/gamera-guardian-of-the-universe-1995.webp,Gamera Daikaijû Kûchû Kessen,Gamera Giant Monster Aerial Battle,[]
gamera-super-monster-1980,TRUE,Gamera: Super Monster,Gamera,1980-03-20,宇宙怪獣ガメラ,/films/gamera-super-monster-1980,109,/static/images/films/posters/gamera-super-monster-1980.webp,Uchû Kaijû Gamera,Space Monster Gamera,[]
gamera-the-brave-2006,TRUE,Gamera the Brave,Gamera,2006-04-29,小さき勇者たち〜ガメラ〜,/films/gamera-the-brave-2006,96,/static/images/films/posters/gamera-the-brave-2006.webp,Chîsaki Yûshatachi ~Gamera~,Small Heroes ~Gamera~,[]
gamera-the-giant-monster-1965,TRUE,"Gamera, the Giant Monster",Gamera,1965-11-27,大怪獣ガメラ,/films/gamera-the-giant-monster-1965,78,/static/images/films/posters/gamera-the-giant-monster-1965.webp,Daikaijû Gamera,Giant Monster Gamera,"[{""alias"":""Gammera the Invincible"",""context"":""American Theatrical Release""},{""alias"":""Gamera"",""context"":""American Home Video""}]"
gamera-vs-barugon-1966,TRUE,Gamera vs. Barugon,Gamera,1966-04-17,大怪獣決闘 ガメラ対バルゴン,/films/gamera-vs-barugon-1966,101,/static/images/films/posters/gamera-vs-barugon-1966.webp,Daikaijû Kettô Gamera Tai Barugon,Giant Monster Duel Gamera vs. Barugon,"[{""alias"":""War of the Monsters"",""context"":""American Theatrical Release""}]"
gamera-vs-guiron-1969,TRUE,Gamera vs. Guiron,Gamera,1969-03-21,ガメラ対大悪獣ギロン,/films/gamera-vs-guiron-1969,82,/static/images/films/posters/gamera-vs-guiron-1969.webp,Gamera Tai Daiwarujû Giron,Gamera vs. Giant Evil Beast Guiron,"[{""alias"":""Attack of the Monsters"",""context"":""American Theatrical Release""}]"
gamera-vs-gyaos-1967,TRUE,Gamera vs. Gyaos,Gamera,1967-03-15,大怪獣空中戦 ガメラ対ギャオス,/films/gamera-vs-gyaos-1967,87,/static/images/films/posters/gamera-vs-gyaos-1967.webp,Daikaijû Kûchûsen Gamera Tai Gyaosu,Giant Monsters Aerial Battle Gamera vs. Gyaos,"[{""alias"":""The Return of the Giant Monsters"",""context"":""American Theatrical Release""},{""alias"":""Gamera vs. Gaos"",""context"":""American Home Video""}]"
gamera-vs-jiger-1970,TRUE,Gamera vs. Jiger,Gamera,1970-03-21,ガメラ対大魔獣ジャイガー,/films/gamera-vs-jiger-1970,83,/static/images/films/posters/gamera-vs-jiger-1970.webp,Gamera Tai Daimajû Jaigâ,Gamera vs. Giant Demon Beast Jiger,"[{""alias"":""Gamera vs. Monster X"",""context"":""American Theatrical Release""}]"
gamera-vs-viras-1968,TRUE,Gamera vs. Viras,Gamera,1968-03-20,ガメラ対宇宙怪獣バイラス,/films/gamera-vs-viras-1968,72,/static/images/films/posters/gamera-vs-viras-1968.webp,Gamera Tai Uchû Kaijû Bairasu,Gamera vs. Space Monster Viras,"[{""alias"":""Destroy All Planets"",""context"":""American Theatrical Release""}]"
gamera-vs-zigra-1971,TRUE,Gamera vs. Zigra,Gamera,1971-07-17,ガメラ対深海怪獣ジグラ,/films/gamera-vs-zigra-1971,88,/static/images/films/posters/gamera-vs-zigra-1971.webp,Gamera Tai Shinkai Kaijû Jigura,Gamera vs. Deep Sea Monster Zigra,[]
gantz-2011,TRUE,Gantz,Gantz,2011-01-29,GANTZ,/films/gantz-2011,130,/static/images/films/posters/gantz-2011.webp,,,[]
gantz-perfect-answer-2011,TRUE,Gantz: Perfect Answer,Gantz,2011-04-23,GANTZ PERFECT ANSWER,/films/gantz-perfect-answer-2011,141,/static/images/films/posters/gantz-perfect-answer-2011.webp,,,[]
gatchaman-2013,TRUE,Gatchaman,,2013-08-24,ガッチャマン,/films/gatchaman-2013,113,/static/images/films/posters/gatchaman-2013.webp,Gatchaman,Gatchaman,[]
genghis-khan-to-the-ends-of-the-earth-and-sea-2007,TRUE,Genghis Khan: To the Ends of the Earth and Sea,,2007-03-03,蒼き狼 地果て海尽きるまで,/films/genghis-khan-to-the-ends-of-the-earth-and-sea-2007,136,/static/images/films/posters/genghis-khan-to-the-ends-of-the-earth-and-sea-2007.webp,Aoki Ôkami Chi Hate Umi Tsukiru Made,Blue Wolf To the Ends of the Earth and Sea,[]
genocide-1968,TRUE,Genocide,,1968-11-09,昆虫大戦争,/films/genocide-1968,84,/static/images/films/posters/genocide-1968.webp,Konchû Daisensô,Insect Great War,[]
ghidorah-the-three-headed-monster-1964,TRUE,"Ghidorah, the Three-Headed Monster",Godzilla,1964-12-20,三大怪獣 地球最大の決戦,/films/ghidorah-the-three-headed-monster-1964,93,/static/images/films/posters/ghidorah-the-three-headed-monster-1964.webp,San Daikaijû Chikyû Saidai No Kessen,Three Giant Monsters,"[{""alias"":""Ghidrah, the Three-Headed Monster"",""context"":""American Theatrical Release""}]"
ghost-in-the-shell-1995,TRUE,Ghost in the Shell,Ghost in the Shell,1995-11-18,GHOST IN THE SHELL / 攻殻機動隊,/films/ghost-in-the-shell-1995,85,/static/images/films/posters/ghost-in-the-shell-1995.webp,Ghost in the Shell / Kôkaku Kidôtai,Shell Squad,[]
ghost-in-the-shell-2-innocence-2004,FALSE,Ghost in the Shell 2: Innocence,Ghost in the Shell,2004-03-06,イノセンス,,,,,,
glorious-team-batista-2008,TRUE,The Glorious Team Batista,Team Batista,2008-02-09,チーム・バチスタの栄光,/films/glorious-team-batista-2008,118,/static/images/films/posters/glorious-team-batista-2008.webp,Chîmu Bachisuta No Eikô,Glory of Team Batista,[]
go-go-young-guy-1967,FALSE,Go! Go! Young Guy,Young Guy,1967-12-13,ゴー!ゴー!若大将,,,,,,
gods-left-hand-devils-right-hand-2006,TRUE,"God's Left Hand, Devil's Right Hand",,2006-07-22,神の左手悪魔の右手,/films/gods-left-hand-devils-right-hand-2006,95,/static/images/films/posters/gods-left-hand-devils-right-hand-2006.webp,Kami No Hidarite Akuma No Migite,God's Left Hand Devil's Right Hand,[]
godzilla-1954,TRUE,Godzilla,Godzilla,1954-11-03,ゴジラ,/films/godzilla-1954,97,/static/images/films/posters/godzilla-1954.webp,Gojira,Godzilla,"[{""alias"":""Godzilla, King of the Monsters!"",""context"":""American Theatrical Release""}]"
godzilla-2000-millennium-1999,TRUE,Godzilla 2000: Millennium,Godzilla,1999-12-11,ゴジラ2000 ミレニアム,/films/godzilla-2000-millennium-1999,108,/static/images/films/posters/godzilla-2000-millennium-1999.webp,Gojira Ni-sen Mireniamu,Godzilla 2000 Millennium,"[{""alias"":""Godzilla 2000"",""context"":""American Theatrical Release""}]"
godzilla-against-mechagodzilla-2002,TRUE,Godzilla Against Mechagodzilla,Godzilla,2002-12-14,ゴジラ×メカゴジラ,/films/godzilla-against-mechagodzilla-2002,88,/static/images/films/posters/godzilla-against-mechagodzilla-2002.webp,Gojira × Mekagojira,Godzilla × Mechagodzilla,[]
godzilla-final-wars-2004,TRUE,Godzilla: Final Wars,Godzilla,2004-12-04,ゴジラ FINAL WARS,/films/godzilla-final-wars-2004,125,/static/images/films/posters/godzilla-final-wars-2004.webp,Gojira Final Wars,Godzilla Final Wars,[]
godzilla-minus-one-2023,FALSE,Godzilla Minus One,Godzilla,2023-11-03,ゴジラ-1.0,,125
godzilla-minus-zero-2026,FALSE,Godzilla Minus Zero,Godzilla,2026-11-03,ゴジラ-0.0
godzilla-mothra-and-king-ghidorah-giant-monsters-all-out-attack-2001,TRUE,"Godzilla, Mothra and King Ghidorah: Giant Monsters All-Out Attack",Godzilla,2001-12-15,ゴジラ・モスラ・キングギドラ 大怪獣総攻撃,/films/godzilla-mothra-and-king-ghidorah-giant-monsters-all-out-attack-2001,105,/static/images/films/posters/godzilla-mothra-and-king-ghidorah-giant-monsters-all-out-attack-2001.webp,Gojira Mosura Kingugidora Daikaijû Sôkôgeki,Godzilla Mothra King Ghidorah Giant Monsters All-Out Attack,[]
godzilla-raids-again-1955,TRUE,Godzilla Raids Again,Godzilla,1955-04-24,ゴジラの逆襲,/films/godzilla-raids-again-1955,82,/static/images/films/posters/godzilla-raids-again-1955.webp,Gojira No Gyakushû,Godzilla Strikes Back,"[{""alias"":""Gigantis, the Fire Monster"",""context"":""American Theatrical Release""}]"
godzilla-tokyo-sos-2003,TRUE,Godzilla: Tokyo S.O.S.,Godzilla,2003-12-13,ゴジラ×モスラ×メカゴジラ 東京SOS,/films/godzilla-tokyo-sos-2003,91,/static/images/films/posters/godzilla-tokyo-sos-2003.webp,Gojira × Mosura × Mekagojira Tôkyô SOS,Godzilla × Mothra × Mechagodzilla Tokyo SOS,[]
godzilla-vs-biollante-1989,TRUE,Godzilla vs. Biollante,Godzilla,1989-12-16,ゴジラvsビオランテ,/films/godzilla-vs-biollante-1989,105,/static/images/films/posters/godzilla-vs-biollante-1989.webp,Gojira vs Biorante,Godzilla vs Biollante,[]
godzilla-vs-destoroyah-1995,TRUE,Godzilla vs. Destoroyah,Godzilla,1995-12-09,ゴジラvsデストロイア,/films/godzilla-vs-destoroyah-1995,103,/static/images/films/posters/godzilla-vs-destoroyah-1995.webp,Gojira vs Desutoroia,Godzilla vs Destoroyah,[]
godzilla-vs-gigan-1972,TRUE,Godzilla vs. Gigan,Godzilla,1972-03-12,地球攻撃命令 ゴジラ対ガイガン,/films/godzilla-vs-gigan-1972,89,/static/images/films/posters/godzilla-vs-gigan-1972.webp,Chikyû Kôgeki Meirei Gojira Tai Gaigan,Earth Attack Order Godzilla vs. Gigan,"[{""alias"":""Godzilla on Monster Island"",""context"":""American Theatrical Release""}]"
godzilla-vs-hedorah-1971,TRUE,Godzilla vs. Hedorah,Godzilla,1971-07-24,ゴジラ対ヘドラ,/films/godzilla-vs-hedorah-1971,85,/static/images/films/posters/godzilla-vs-hedorah-1971.webp,Gojira Tai Hedora,Godzilla vs. Hedorah,"[{""alias"":""Godzilla vs. the Smog Monster"",""context"":""American Theatrical Release""}]"
godzilla-vs-king-ghidorah-1991,TRUE,Godzilla vs. King Ghidorah,Godzilla,1991-12-14,ゴジラvsキングギドラ,/films/godzilla-vs-king-ghidorah-1991,103,/static/images/films/posters/godzilla-vs-king-ghidorah-1991.webp,Gojira vs Kingugidora,Godzilla vs King Ghidorah,[]
godzilla-vs-mechagodzilla-1974,TRUE,Godzilla vs. Mechagodzilla,Godzilla,1974-03-21,ゴジラ対メカゴジラ,/films/godzilla-vs-mechagodzilla-1974,84,/static/images/films/posters/godzilla-vs-mechagodzilla-1974.webp,Gojira Tai Mekagojira,Godzilla vs. Mechagodzilla,"[{""alias"":""Godzilla vs. the Bionic Monster"",""context"":""American Theatrical Release""},{""alias"":""Godzilla vs. the Cosmic Monster"",""context"":""American Theatrical Reissue""}]"
godzilla-vs-mechagodzilla-ii-1993,TRUE,Godzilla vs. Mechagodzilla II,Godzilla,1993-12-11,ゴジラvsメカゴジラ,/films/godzilla-vs-mechagodzilla-ii-1993,108,/static/images/films/posters/godzilla-vs-mechagodzilla-ii-1993.webp,Gojira vs Mekagojira,Godzilla vs Mechagodzilla,[]
godzilla-vs-megaguirus-2000,TRUE,Godzilla vs. Megaguirus,Godzilla,2000-12-16,ゴジラ×メガギラス G消滅作戦,/films/godzilla-vs-megaguirus-2000,105,/static/images/films/posters/godzilla-vs-megaguirus-2000.webp,Gojira × Megagirasu G Shômetsu Sakusen,Godzilla × Megaguirus G Annihilation Operation,[]
godzilla-vs-megalon-1973,TRUE,Godzilla vs. Megalon,Godzilla,1973-03-17,ゴジラ対メガロ,/films/godzilla-vs-megalon-1973,82,/static/images/films/posters/godzilla-vs-megalon-1973.webp,Gojira Tai Megaro,Godzilla vs. Megalon,[]
godzilla-vs-mothra-1992,TRUE,Godzilla vs. Mothra,Godzilla,1992-12-12,ゴジラvsモスラ,/films/godzilla-vs-mothra-1992,102,/static/images/films/posters/godzilla-vs-mothra-1992.webp,Gojira vs Mosura,Godzilla vs Mothra,"[{""alias"":""Godzilla and Mothra: The Battle for Earth"",""context"":""American Home Video""}]"
godzilla-vs-spacegodzilla-1994,TRUE,Godzilla vs. SpaceGodzilla,Godzilla,1994-12-10,ゴジラvsスペースゴジラ,/films/godzilla-vs-spacegodzilla-1994,108,/static/images/films/posters/godzilla-vs-spacegodzilla-1994.webp,Gojira vs Supêsugojira,Godzilla vs SpaceGodzilla,[]
goemon-2009,TRUE,Goemon,,2009-05-01,GOEMON,/films/goemon-2009,128,/static/images/films/posters/goemon-2009.webp,,,[]
goke-body-snatcher-from-hell-1968,TRUE,"Goke, Body Snatcher from Hell",,1968-08-14,吸血鬼ゴケミドロ,/films/goke-body-snatcher-from-hell-1968,84,/static/images/films/posters/goke-body-snatcher-from-hell-1968.webp,Kyûketsuki Gokemidoro,Vampire Gokemidoro,[]
golden-bat-1966,TRUE,The Golden Bat,,1966-12-21,黄金バット,/films/golden-bat-1966,73,/static/images/films/posters/golden-bat-1966.webp,Ôgon Batto,Golden Bat,[]
gorath-1962,TRUE,Gorath,,1962-03-21,妖星ゴラス,/films/gorath-1962,88,/static/images/films/posters/gorath-1962.webp,Yôsei Gorasu,Mystery Planet Gorath,[]
gray-sunset-1985,FALSE,Gray Sunset,,1985-10-10,花いちもんめ,,,,,,
green-slime-1968,FALSE,The Green Slime,,1968-12-01,ガンマー第3号 宇宙大作戦,,,,,,
gunhed-1989,TRUE,Gunhed,,1989-07-22,ガンヘッド,/films/gunhed-1989,100,/static/images/films/posters/gunhed-1989.webp,Ganheddo,Gunhed,[]
h-man-1958,TRUE,The H-Man,,1959-06-24,美女と液体人間,/films/h-man-1958,87,/static/images/films/posters/h-man-1958.webp,Bijo To Ekitainingen,Beauty and Liquid Man,[]
half-human-1955,TRUE,Half Human,,1955-08-14,獣人雪男,/films/half-human-1955,95,/static/images/films/posters/half-human-1955.webp,Jûjin Yukiotoko,Beastman Yeti,[]
hara-kiri-death-of-a-samurai-2011,TRUE,Hara-Kiri: Death of a Samurai,,2011-10-15,一命,/films/hara-kiri-death-of-a-samurai-2011,126,/static/images/films/posters/hara-kiri-death-of-a-samurai-2011.webp,Ichimei,One Life,[]
hidden-fortress-1958,TRUE,The Hidden Fortress,,1958-12-28,隠し砦の三悪人,/films/hidden-fortress-1958,139,/static/images/films/posters/hidden-fortress-1958.webp,Kakushi Toride No San Akunin,Three Villains of the Hidden Fortress,[]
hidden-fortress-the-last-princess-2008,TRUE,Hidden Fortress: The Last Princess,,2008-05-10,隠し砦の三悪人 THE LAST PRINCESS,/films/hidden-fortress-the-last-princess-2008,118,/static/images/films/posters/hidden-fortress-the-last-princess-2008.webp,Kakushi Toride No San Akunin The Last Princess,Three Villains of the Hidden Fortress The Last Princess,[]
high-and-low-1963,TRUE,High and Low,,1963-03-01,天国と地獄,/films/high-and-low-1963,143,/static/images/films/posters/high-and-low-1963.webp,Tengoku to Jigoku,Heaven and Hell,[]
howls-moving-castle-2004,TRUE,Howl's Moving Castle,,2004-11-20,ハウルの動く城,/films/howls-moving-castle-2004,119,/static/images/films/posters/howls-moving-castle-2004.webp,Hauru No Ugokushiro,Howl's Moving Castle,[]
human-vapor-1960,TRUE,The Human Vapor,,1960-12-11,ガス人間㐧1号,/films/human-vapor-1960,91,/static/images/films/posters/human-vapor-1960.webp,Gasu Ningen Dai Ichi-gô,Gas Man No. 1,[]
i-am-a-hero-2016,TRUE,I Am A Hero,,2016-04-23,アイアムアヒーロー,/films/i-am-a-hero-2016,127,/static/images/films/posters/i-am-a-hero-2016.webp,Ai Amu A Hîrô,I Am A Hero,[]
ikiru-1952,FALSE,Ikiru,,1952-10-09,生きる,,,,,,
interpol-code-8-1963,FALSE,Interpol Code 8,International Secret Police,1963-08-31,国際秘密警察 指令第8号
invasion-of-astro-monster-1965,TRUE,Invasion of Astro-Monster,Godzilla,1965-12-19,怪獣大戦争,/films/invasion-of-astro-monster-1965,94,/static/images/films/posters/invasion-of-astro-monster-1965.webp,Kaijû Daisensô,Monster Great War,"[{""alias"":""Monster Zero"",""context"":""American Theatrical Release""},{""alias"":""Godzilla vs. Monster Zero"",""context"":""American Home Video""}]"
invisible-man-1954,TRUE,Invisible Man,,1954-12-29,透明人間,/films/invisible-man-1954,70,/static/images/films/posters/invisible-man-1954.webp,Tômei Ningen,Invisible Man,[]
invisible-man-appears-1949,TRUE,The Invisible Man Appears,,1949-09-25,透明人間現わる,/films/invisible-man-appears-1949,87,/static/images/films/posters/invisible-man-appears-1949.webp,Tômei Ningen Arawaru,Invisible Man Appears,[]
invisible-man-vs-the-human-fly-1957,TRUE,The Invisible Man vs. The Human Fly,,1957-08-25,透明人間と蝿男,,96,/static/images/films/posters/invisible-man-vs-the-human-fly-1957.webp,Tômei Ningen To Haeotoko,Invisible Man and Fly Man
ironfinger-1965,FALSE,Ironfinger,"100 Shot, 100 Killed",1965-12-05,100発100中,,,,,,
it-started-in-the-alps-1966,FALSE,It Started in the Alps,Young Guy,1966-05-28,アルプスの若大将,,,,,,
japans-longest-day-1967,FALSE,Japan’s Longest Day,,1967-08-12,日本のいちばん長い日,,,,,,
japans-number-one-young-guy-1962,FALSE,Japan’s Number One Young Guy,Young Guy,1962-07-14,日本一の若大将,,,,,,
jin-roh-the-wolf-brigade-2000,TRUE,Jin-Roh: The Wolf Brigade,Kerberos,2000-06-03,人狼 JIN-ROH,/films/jin-roh-the-wolf-brigade-2000,98,/static/images/films/posters/jin-roh-the-wolf-brigade-2000.webp,Jinrô Jin-Roh,Werewolf Jin-Roh,[]
judo-champion-1967,FALSE,Judo Champion,Young Guy,1967-07-01,南太平洋の若大将,,,,,,
juvenile-2000,TRUE,Juvenile,,2000-07-15,ジュブナイル,/films/juvenile-2000,105,/static/images/films/posters/juvenile-2000.webp,Jubunairu,Juvenile,[]
k-20-legend-of-the-mask-2008,TRUE,K-20: Legend of the Mask,,2008-12-20,K-20 怪人二十面相・伝,/films/k-20-legend-of-the-mask-2008,137,/static/images/films/posters/k-20-legend-of-the-mask-2008.webp,K-20 Kaijin Nijûmensô Den,K-20 Fiend with Twenty Faces,"[{""alias"":""K-20: The Fiend with Twenty Faces"",""context"":""American Home Video""}]"
kagemusha-1980,TRUE,Kagemusha,,1980-04-26,影武者,/films/kagemusha-1980,179,/static/images/films/posters/kagemusha-1980.webp,Kagemusha,Shadow Warrior,[]
kaiji-2-2011,TRUE,Kaiji 2,Kaiji,2011-11-05,カイジ2 人生奪回ゲーム,/films/kaiji-2-2011,155,/static/images/films/posters/kaiji-2-2011.webp,Kaiji 2 Jinsei Dakkai Gêmu,Kaiji 2 Take Back Life Game,"[{""alias"":""Kaiji 2: The Ultimate Gambler"",""context"":""International Title""}]"
kaiji-2009,TRUE,Kaiji,Kaiji,2009-10-10,カイジ 人生逆転ゲーム,/films/kaiji-2009,129,/static/images/films/posters/kaiji-2009.webp,Kaiju Jinsei Gyakuten Gêmu,Kaiji Change Life Game,"[{""alias"":""Kaiji: The Ultimate Gambler"",""context"":""International Title""}]"
kaiji-final-game-2020,FALSE,Kaiji: Final Game,Kaiji,2020-01-10,カイジ ファイナルゲーム
kamen-rider-the-first-2005,TRUE,Kamen Rider: The First,Kamen Rider Dyad,2005-11-05,仮面ライダー THE FIRST,/films/kamen-rider-the-first-2005,90,/static/images/films/posters/kamen-rider-the-first-2005.webp,Kamen Raidâ The First,Masked Rider The First,"[{""alias"":""Masked Rider: The First"",""context"":""American Home Video""}]"
kamen-rider-the-next-2007,TRUE,Kamen Rider: The Next,Kamen Rider Dyad,2007-10-27,仮面ライダー THE NEXT,/films/kamen-rider-the-next-2007,113,/static/images/films/posters/kamen-rider-the-next-2007.webp,Kamen Raidâ The Next,Masked Rider The Next,[]
kamui-gaiden-2009,TRUE,Kamui Gaiden,,2009-09-19,カムイ外伝,/films/kamui-gaiden-2009,120,/static/images/films/posters/kamui-gaiden-2009.webp,Kamui Gaiden,Kamui Gaiden,[]
key-of-keys-1965,FALSE,Key of Keys,International Secret Police,1965-10-23,国際秘密警察 鍵の鍵,,,,,,
kigeki-ekimae-gakuen-1967,FALSE,Kigeki Ekimae Gakuen,,1967-04-15,喜劇 駅前学園,,,,,,
kikis-delivery-service-1989,TRUE,Kiki's Delivery Service,,1989-07-29,魔女の宅急便,/films/kikis-delivery-service-1989,102,/static/images/films/posters/kikis-delivery-service-1989.webp,Majo No Takkyûbin,Witch's Express Home Delivery,[]
kill-1968,FALSE,Kill!,,1968-06-22,斬る,,,,,,
killing-bottle-1967,FALSE,The Killing Bottle,International Secret Police,1967-02-11,国際秘密警察 絶体絶命,,,,,,
king-kong-escapes-1967,TRUE,King Kong Escapes,,1967-07-22,キングコングの逆襲,/films/king-kong-escapes-1967,104,/static/images/films/posters/king-kong-escapes-1967.webp,Kingukongu No Gyakushû,King Kong Strikes Back,[]
king-kong-vs-godzilla-1962,TRUE,King Kong vs. Godzilla,Godzilla,1962-08-11,キングコング対ゴジラ,/films/king-kong-vs-godzilla-1962,97,/static/images/films/posters/king-kong-vs-godzilla-1962.webp,Kingukongu Tai Gojira,King Kong vs. Godzilla,[]
l-change-the-world-2008,TRUE,L: Change the World,Death Note,2008-02-09,L change the WorLd,/films/l-change-the-world-2008,129,/static/images/films/posters/l-change-the-world-2008.webp,,,[]
lake-of-dracula-1971,TRUE,Lake of Dracula,Bloodthirsty,1971-06-16,呪いの館 血を吸う眼,/films/lake-of-dracula-1971,82,/static/images/films/posters/lake-of-dracula-1971.webp,Noroi No Yakata Chiwosu Me,Cursed Mansion Bloodthirsty Eyes,[]
last-war-1961,TRUE,The Last War,,1961-10-08,世界大戦争,/films/last-war-1961,110,/static/images/films/posters/last-war-1961.webp,Sekai Daisensô,World Great War,[]
late-spring-1949,FALSE,Late Spring,,1949-09-19,晩春,,,,,,
latitude-zero-1969,TRUE,Latitude Zero,,1969-07-26,緯度<ruby>0<rt>ゼロ</rt></ruby>大作戦,/films/latitude-zero-1969,105,/static/images/films/posters/latitude-zero-1969.webp,Ido Zero Daisakusen,Latitude 0 Great Operation,[]
legend-of-the-eight-samurai-1983,TRUE,Legend of the Eight Samurai,,1983-12-10,里見八犬伝,/films/legend-of-the-eight-samurai-1983,136,/static/images/films/posters/legend-of-the-eight-samurai-1983.webp,Satomi Hakkenden,Satomi's Eight Dog Warriors,[]
lets-go-young-guy-1967,FALSE,"Let’s Go, Young Guy!",Young Guy,1967-01-01,"レッツゴー!若大将 ",,,,,,
library-wars-2013,TRUE,Library Wars,Library Wars,2013-04-27,図書館戦争,/films/library-wars-2013,128,/static/images/films/posters/library-wars-2013.webp,Toshokan Sensô,Library War,[]
library-wars-the-last-mission-2015,TRUE,Library Wars: The Last Mission,Library Wars,2015-10-10,図書館戦争-THE LAST MISSION-,/films/library-wars-the-last-mission-2015,120,/static/images/films/posters/library-wars-the-last-mission-2015.webp,Toshokan Sensô The Last Mission,Library War The Last Mission,[]
living-skeleton-1968,TRUE,The Living Skeleton,,1968-11-09,吸血髑髏船,/films/living-skeleton-1968,81,/static/images/films/posters/living-skeleton-1968.webp,Kyûketsu Dokurosen,Blood Skeleton Ship,[]
lorelei-the-witch-of-the-pacific-ocean-2005,TRUE,Lorelei: The Witch of the Pacific Ocean,,2005-03-05,ローレライ,/films/lorelei-the-witch-of-the-pacific-ocean-2005,128,/static/images/films/posters/lorelei-the-witch-of-the-pacific-ocean-2005.webp,Rôrerai,Lorelei,[]
lost-world-of-sinbad-1963,TRUE,The Lost World of Sinbad,,1963-10-26,大盗賊,/films/lost-world-of-sinbad-1963,97,/static/images/films/posters/lost-world-of-sinbad-1963.webp,Daitôzoku,Great Bandit,"[{""alias"":""Samurai Pirate"",""context"":""International Title""}]"
lovedeath-2007,TRUE,LoveDeath,,2007-05-12,LOVEDEATH ラブデス,/films/lovedeath-2007,158,/static/images/films/posters/lovedeath-2007.webp,Lovedeath Rabudesu,Lovedeath Lovedeath,[]
lupin-iii-the-castle-of-cagliostro-1979,TRUE,Lupin III: The Castle of Cagliostro,,1979-12-15,ルパン三世 カリオストロの城,/films/lupin-iii-the-castle-of-cagliostro-1979,100,/static/images/films/posters/lupin-iii-the-castle-of-cagliostro-1979.webp,Rupan Sansei Kariosutoro No Shiro,Lupin III Castle of Cagliostro,[]
lupin-the-3rd-2014,TRUE,Lupin the 3rd,,2014-08-30,ルパン三世,/films/lupin-the-3rd-2014,133,/static/images/films/posters/lupin-the-3rd-2014.webp,Rupan Sansei,Lupin III,[]
magic-serpent-1966,TRUE,The Magic Serpent,,1966-12-21,怪竜大決戦,/films/magic-serpent-1966,94,/static/images/films/posters/magic-serpent-1966.webp,Kairyû Daikessen,Strange Dragon Great Decisive Battle,[]
magnitude-7-9-1980,TRUE,Magnitude 7.9,,1980-08-30,地震列島,/films/magnitude-7-9-1980,126,/static/images/films/posters/magnitude-7-9-1980.webp,Jishin Rettô,Earthquake Archipelago,"[{""alias"":""Deathquake"",""context"":""American Theatrical Release""}]"
matango-1963,TRUE,Matango,,1963-08-11,マタンゴ,/films/matango-1963,89,/static/images/films/posters/matango-1963.webp,Matango,Matango,"[{""alias"":""Attack of the Mushroom People"",""context"":""American Theatrical Release""}]"
mechanical-violator-hakaider-1995,TRUE,Mechanical Violator Hakaider,,1995-04-15,人造人間ハカイダー,/films/mechanical-violator-hakaider-1995,52,/static/images/films/posters/mechanical-violator-hakaider-1995.webp,Jinzô Ningen Hakaidâ,Artificial Human Hakaider,[]
men-who-tread-on-the-tigers-tail-1945,FALSE,The Men Who Tread on the Tiger’s Tail,,1952-04-24,虎の尾を踏む男達,,,,,,
message-from-space-1978,TRUE,Message from Space,,1978-04-29,宇宙からのメッセージ,/films/message-from-space-1978,105,/static/images/films/posters/message-from-space-1978.webp,Uchû Kara No Messêji,Message from Space,[]
moon-over-tao-1997,TRUE,Moon Over Tao,,1997-11-29,タオの月,/films/moon-over-tao-1997,96,/static/images/films/posters/moon-over-tao-1997.webp,Tao no Tsuki,Tao Moon,[]
mothra-1961,TRUE,Mothra,,1961-07-30,モスラ,/films/mothra-1961,101,/static/images/films/posters/mothra-1961.webp,Mosura,Mothra,[]
mothra-vs-godzilla-1964,TRUE,Mothra vs. Godzilla,Godzilla,1964-04-29,モスラ対ゴジラ,/films/mothra-vs-godzilla-1964,89,/static/images/films/posters/mothra-vs-godzilla-1964.webp,Mosura Tai Gojira,Mothra vs. Godzilla,"[{""alias"":""Godzilla vs. the Thing"",""context"":""American Theatrical Release""}]"
mushi-shi-2007,TRUE,Mushi-shi,,2007-03-24,蟲師,/films/mushi-shi-2007,131,/static/images/films/posters/mushi-shi-2007.webp,Mushi-shi,Mushi-shi,[]
my-neighbor-totoro-1988,TRUE,My Neighbor Totoro,,1988-04-16,となりのトトロ,/films/my-neighbor-totoro-1988,87,/static/images/films/posters/my-neighbor-totoro-1988.webp,Tonari No Totoro,My Neighbor Totoro,[]
mysterians-1957,TRUE,The Mysterians,,1957-12-28,地球防衛軍,/films/mysterians-1957,88,/static/images/films/posters/mysterians-1957.webp,Chikyû Bôeigun,Earth Defense Force,[]
nausicaa-of-the-valley-of-the-wind-1984,TRUE,Nausicaä of the Valley of the Wind,,1984-03-11,風の谷のナウシカ,/films/nausicaa-of-the-valley-of-the-wind-1984,116,/static/images/films/posters/nausicaa-of-the-valley-of-the-wind-1984.webp,Kaze No Tani No Naushika,Nausicaä of the Valley of the Wind,[]
new-tale-of-zatoichi-1963,TRUE,New Tale of Zatoichi,Zatoichi,1963-03-15,新・座頭市物語,/films/new-tale-of-zatoichi-1963,91,/static/images/films/posters/new-tale-of-zatoichi-1963.webp,Shin Zatôichi Monogatari,New Zatôichi Story,[]
no-regrets-for-our-youth-1946,FALSE,No Regrets for Our Youth,,1946-10-29,わが青春に悔なし,,,,,,
oblivion-island-haruka-and-the-magic-mirror-2009,TRUE,Oblivion Island: Haruka and the Magic Mirror,,2009-08-22,ホッタラケの島 〜遥と魔法の鏡〜,/films/oblivion-island-haruka-and-the-magic-mirror-2009,93,/static/images/films/posters/oblivion-island-haruka-and-the-magic-mirror-2009.webp,Hottarake No Shima ~Haruka To Mahô No Kagami~,Hottarake Island ~Haruka and the Magic Mirror~,[]
one-missed-call-2-2005,TRUE,One Missed Call 2,One Missed Call,2005-02-05,着信アリ2,/films/one-missed-call-2-2005,106,/static/images/films/posters/one-missed-call-2-2005.webp,Chakushin Ari 2,Incoming Call 2,[]
one-missed-call-2003,TRUE,One Missed Call,One Missed Call,2003-11-03,着信アリ,/films/one-missed-call-2003,112,/static/images/films/posters/one-missed-call-2003.webp,Chakushin Ari,Incoming Call,[]
one-missed-call-final-2006,TRUE,One Missed Call: Final,One Missed Call,2006-06-24,着信アリFinal,/films/one-missed-call-final-2006,105,/static/images/films/posters/one-missed-call-final-2006.webp,Chakushin Ari Final,Incoming Call Final,[]
onmyoji-2001,TRUE,Onmyoji,Onmyoji,2001-10-06,陰陽師,/films/onmyoji-2001,116,/static/images/films/posters/onmyoji-2001.webp,Onmyôji,Ying Yang Master,[]
onmyoji-ii-2003,TRUE,Onmyoji II,Onmyoji,2003-10-04,陰陽師II,/films/onmyoji-ii-2003,115,/static/images/films/posters/onmyoji-ii-2003.webp,Onmyôji II,Ying Yang Master II,[]
orochi-the-eight-headed-dragon-1994,TRUE,"Orochi, the Eight-Headed Dragon",,1994-07-09,ヤマトタケル,/films/orochi-the-eight-headed-dragon-1994,103,/static/images/films/posters/orochi-the-eight-headed-dragon-1994.webp,Yamato Takeru,Yamato Takeru,[]
parasite-eve-1997,TRUE,Parasite Eve,,1997-02-01,パラサイト・イヴ,/films/parasite-eve-1997,120,/static/images/films/posters/parasite-eve-1997.webp,Parasaito Ibu,Parasite Eve,[]
parasyte-part-1-2014,TRUE,Parasyte: Part 1,Parasyte,2014-11-29,寄生獣,/films/parasyte-part-1-2014,109,/static/images/films/posters/parasyte-part-1-2014.webp,Kiseijû,Parasite,[]
parasyte-part-2-2015,TRUE,Parasyte: Part 2,Parasyte,2015-04-25,寄生獣 完結編,/films/parasyte-part-2-2015,117,/static/images/films/posters/parasyte-part-2-2015.webp,Kiseijû Kanketsu-hen,Parasite Final Chapter,[]
patlabor-2-the-movie-1993,TRUE,Patlabor 2: The Movie,Patlabor,1993-08-07,機動警察パトレイバー 2 the Movie,/films/patlabor-2-the-movie-1993,113,/static/images/films/posters/patlabor-2-the-movie-1993.webp,Kidô Keisatsu Patoreibâ 2 The Movie,Mobile Police Patlabor 2 The Movie,[]
patlabor-the-movie-1989,TRUE,Patlabor: The Movie,Patlabor,1989-07-15,機動警察パトレイバー the Movie,/films/patlabor-the-movie-1989,100,/static/images/films/posters/patlabor-the-movie-1989.webp,Kidô Keisatsu Patoreibâ The Movie,Mobile Police Patlabor The Movie,[]
picnic-1955,FALSE,Picnic,,1956-02-16,,,,,,,
platinum-data-2013,TRUE,Platinum Data,,2013-03-16,プラチナデータ,/films/platinum-data-2013,133,/static/images/films/posters/platinum-data-2013.webp,Purachina Dêta,Platinum Data,[]
ponyo-2008,TRUE,Ponyo,,2008-07-19,崖の上のポニョ,/films/ponyo-2008,101,/static/images/films/posters/ponyo-2008.webp,Gake No Ue No Ponyo,Ponyo on the Cliff,[]
porco-rosso-1992,TRUE,Porco Rosso,,1992-07-18,紅の豚,/films/porco-rosso-1992,93,/static/images/films/posters/porco-rosso-1992.webp,Kurenai No Buta,Crimson Pig,[]
presidents-abc-1970,FALSE,President’s ABC,Company President,1970-01-15,社長学ABC,,,,,,[]
presidents-abc-part-ii-1970,FALSE,President’s ABC: Part II,Company President,1970-02-28,続・社長学ABC,,,,,,[]
presidents-grade-book-1969,FALSE,President’s Grade Book,Company President,1969-01-15,社長えんま帖,,,,,,[]
presidents-grade-book-part-ii-1969,FALSE,President’s Grade Book: Part II,Company President,1969-05-17,続・社長えんま帖,,,,,,[]
presidents-journey-1963,FALSE,President’s Journey,Company President,1963-01-03,社長漫遊記,,,,,,[]
presidents-journey-part-ii-1963,FALSE,President's Journey: Part II,Company President,1963-03-01,続・社長漫遊記,,,,,,[]
presidents-ninja-scroll-1965,FALSE,President’s Ninja Scroll,Company President,1965-01-03,社長忍法帖,,,,,,[]
presidents-ninja-scroll-part-ii-1965,FALSE,President’s Ninja Scroll: Part II,Company President,1965-01-31,続・社長忍法帖,,,,,,[]
presidents-peaceful-period-1959,FALSE,President’s Peaceful Period,Company President,1959-01-03,社長太平記,,,,,,[]
presidents-peaceful-period-part-ii-1959,FALSE,President’s Peaceful Period: Part II,Company President,1959-03-15,続・社長太平記,,,,,,[]
presidents-record-1966,FALSE,President’s Record,Company President,1966-01-03,社長行状記,,,,,,[]
presidents-record-part-ii-1966,FALSE,President’s Record: Part II,Company President,1966-02-25,続・社長行状記,,,,,,[]
presidents-success-story-1968,FALSE,President’s Success Story,Company President,1968-01-04,社長繁盛記,,,,,,[]
presidents-success-story-part-ii-1968,FALSE,President’s Success Story: Part II,Company President,1968-02-24,続・社長繁盛記,,,,,,[]
presidents-thousand-and-one-nights-1967,FALSE,President’s Thousand and One Nights,Company President,1967-01-01,社長千一夜,,,,,,[]
presidents-thousand-and-one-nights-part-ii-1967,FALSE,President’s Thousand and One Nights: Part II,Company President,1967-06-03,続・社長千一夜,,,,,,[]
presidents-travel-diary-1962,FALSE,President’s Travel Diary,Company President,1962-04-29,社長洋行記,,,,,,[]
presidents-travel-diary-part-ii-1962,FALSE,President’s Travel Diary: Part II,Company President,1962-06-01,続・社長洋行記,,,,,,[]
presidents-travels-1961,FALSE,President’s Travels,Company President,1961-04-25,社長道中記,,,,,,[]
presidents-travels-part-ii-1961,FALSE,President’s Travels: Part II,Company President,1961-05-30,続・社長道中記,,,,,,[]
presidents-trip-abroad-1963,FALSE,President’s Trip Abroad,Company President,1963-04-28,社長外遊記,,,,,,[]
presidents-trip-abroad-part-ii-1963,FALSE,President’s Trip Abroad: Part II,Company President,1963-05-29,続・社長外遊記,,,,,,[]
presidents-whos-who-1964,FALSE,President’s Who’s Who,Company President,1964-01-03,社長紳士録,,,,,,[]
presidents-whos-who-part-ii-1964,FALSE,President's Who's Who: Part II,Company President,1964-02-29,続・社長紳士録,,,,,,[]
pride-of-the-campus-1962,FALSE,Pride of the Campus,Young Guy,1962-02-10,銀座の若大将,,,,,,
princess-blade-2001,TRUE,The Princess Blade,,2001-12-15,修羅雪姫,/films/princess-blade-2001,93,/static/images/films/posters/princess-blade-2001.webp,Shûra Yukihime,Lady Snowblood,[]
princess-mononoke-1997,TRUE,Princess Mononoke,,1997-07-12,もののけ姫,/films/princess-mononoke-1997,133,/static/images/films/posters/princess-mononoke-1997.webp,Mononoke Hime,Princess Mononoke,[]
prophecies-of-nostradamus-1974,TRUE,Prophecies of Nostradamus,,1974-08-03,ノストラダムスの大予言,/films/prophecies-of-nostradamus-1974,114,/static/images/films/posters/prophecies-of-nostradamus-1974.webp,Nosutoradamusu No Daiyogen,Great Prophecy of Nostradamus,"[{""alias"":""Catastrophe: 1999"",""context"":""International Title""},{""alias"":""The Last Days of Planet Earth"",""context"":""American Television Title""}]"
rashomon-1950,TRUE,Rashomon,,1950-08-26,羅生門,/films/rashomon-1950,88,/static/images/films/posters/rashomon-1950.webp,Rashômon,Rashômon,[]
rebel-without-a-cause-1955,FALSE,Rebel Without a Cause,,1955-10-27,,,,,,,
rebirth-of-mothra-1996,TRUE,Rebirth of Mothra,Rebirth of Mothra,1996-12-14,モスラ,/films/rebirth-of-mothra-1996,106,/static/images/films/posters/rebirth-of-mothra-1996.webp,Mosura,Mothra,[]
rebirth-of-mothra-ii-1997,TRUE,Rebirth of Mothra II,Rebirth of Mothra,1997-12-13,モスラ2 海底の大決戦,/films/rebirth-of-mothra-ii-1997,100,/static/images/films/posters/rebirth-of-mothra-ii-1997.webp,Mosura 2 Kaitei No Daisakusen,Mothra 2 Undersea Battle,[]
rebirth-of-mothra-iii-1998,TRUE,Rebirth of Mothra III,Rebirth of Mothra,1998-12-12,モスラ3 キングギドラ来襲,/films/rebirth-of-mothra-iii-1998,100,/static/images/films/posters/rebirth-of-mothra-iii-1998.webp,Mosura 3 Kingugidora Raishû,Mothra 3 King Ghidorah Invades,[]
red-spectacles-1987,TRUE,The Red Spectacles,Kerberos,1987-02-07,紅い眼鏡/The Red Spectacles,/films/red-spectacles-1987,116,/static/images/films/posters/red-spectacles-1987.webp,Akai Megane / The Red Spectacles,Red Glasses / The Red Spectacles,[]
rescue-wings-2008,TRUE,Rescue Wings,,2008-12-13,空へ-救いの翼 RESCUE WINGS-,/films/rescue-wings-2008,108,/static/images/films/posters/rescue-wings-2008.webp,Sora e -Sukui No Tsubasa Rescue Wings-,To the Sky -Rescue Wings-,[]
return-of-daimajin-1966,TRUE,Return of Daimajin,Daimajin,1966-08-13,大魔神怒る,/films/return-of-daimajin-1966,79,/static/images/films/posters/return-of-daimajin-1966.webp,Daimajin Okoru,Daimajin Grows Angry,"[{""alias"":""Wrath of Daimajin"",""context"":""American Home Video""}]"
return-of-godzilla-1984,TRUE,The Return of Godzilla,Godzilla,1985-12-15,ゴジラ,/films/return-of-godzilla-1984,103,/static/images/films/posters/return-of-godzilla-1984.webp,Gojira,Godzilla,"[{""alias"":""Godzilla 1985"",""context"":""American Theatrical Release""}]"
return-of-the-champ-1981,FALSE,Return of the Champ,Young Guy,1981-02-11,帰ってきた若大将,,,,,,
returner-2002,TRUE,Returner,,2002-08-31,リターナー,/films/returner-2002,116,/static/images/films/posters/returner-2002.webp,Ritânâ,Returner,[]
ring-0-birthday-2000,TRUE,Ring 0: Birthday,Ring,2000-01-22,リング0 バースデイ,/films/ring-0-birthday-2000,99,/static/images/films/posters/ring-0-birthday-2000.webp,Ringu Zero Bâsudei,Ring 0 Birthday,"[{""alias"":""Ringu 0"",""context"":""American Home Video""}]"
ring-1998,TRUE,Ring,Ring,1998-01-31,リング,/films/ring-1998,95,/static/images/films/posters/ring-1998.webp,Ringu,Ring,"[{""alias"":""Ringu"",""context"":""American Home Video""}]"
ring-2-1999,TRUE,Ring 2,Ring,1999-01-23,リング2,/films/ring-2-1999,95,/static/images/films/posters/ring-2-1999.webp,Ringu 2,Ring 2,"[{""alias"":""Ringu 2"",""context"":""American Home Video""}]"
rodan-1956,TRUE,Rodan,,1956-12-26,空の大怪獣 ラドン,/films/rodan-1956,82,/static/images/films/posters/rodan-1956.webp,Sora No Daikaijû Radon,Giant Sky Monster Rodan,[]
rurouni-kenshin-2012,TRUE,Rurouni Kenshin,Rurouni Kenshin,2012-08-25,るろうに剣心,/films/rurouni-kenshin-2012,134,/static/images/films/posters/rurouni-kenshin-2012.webp,Rurôni Kenshin,Rurouni Kenshin,"[{""alias"":""Rurouni Kenshin Part I: Origins"",""context"":""American Home Video""}]"
rurouni-kenshin-kyoto-inferno-2014,TRUE,Rurouni Kenshin: Kyoto Inferno,Rurouni Kenshin,2014-08-01,るろうに剣心 京都大火編,/films/rurouni-kenshin-kyoto-inferno-2014,139,/static/images/films/posters/rurouni-kenshin-kyoto-inferno-2014.webp,Rurôni Kenshin Kyôto Taika-hen,Rurouni Kenshin Great Fire of Kyoto,"[{""alias"":""Rurouni Kenshin Part II: Kyoto Inferno"",""context"":""American Home Video""}]"
rurouni-kenshin-the-beginning-2021,FALSE,Rurouni Kenshin: The Beginning,Rurouni Kenshin,2021-06-04,るろうに剣心 最終章 The Beginning
rurouni-kenshin-the-final-2021,FALSE,Rurouni Kenshin: The Final,Rurouni Kenshin,2021-04-23,るろうに剣心 最終章 The Final
rurouni-kenshin-the-legend-ends-2014,TRUE,Rurouni Kenshin: The Legend Ends,Rurouni Kenshin,2014-09-13,るろうに剣心 伝説の最期編,/films/rurouni-kenshin-the-legend-ends-2014,135,/static/images/films/posters/rurouni-kenshin-the-legend-ends-2014.webp,Rurôni Kenshin Densetsu No Saigo-hen,Rurouni Kenshin The End of the Legend,"[{""alias"":""Rurouni Kenshin Part III: The Legend Ends"",""context"":""American Home Video""}]"
sakuya-slayer-of-demons-2000,TRUE,Sakuya: Slayer of Demons,,2000-08-12,さくや妖怪伝,/films/sakuya-slayer-of-demons-2000,88,/static/images/films/posters/sakuya-slayer-of-demons-2000.webp,Sakuya Yôkai-den,Sakuya Yokai Legend,[]
salaryman-chushingura-1960,FALSE,Salaryman Chushingura,Company President,1960-12-25,サラリーマン忠臣蔵,,,,,,[]
salaryman-chushingura-part-ii-1961,FALSE,Salaryman Chushingura: Part II,Company President,1961-02-25,続サラリーマン忠臣蔵,,,,,,[]
samaritan-zatoichi-1968,TRUE,Samaritan Zatoichi,Zatoichi,1968-12-28,座頭市喧嘩太鼓,/films/samaritan-zatoichi-1968,82,/static/images/films/posters/samaritan-zatoichi-1968.webp,Zatôichi Kenkadaiko,Zatôichi Fighting Drum,[]
samurai-commando-mission-1549-2005,TRUE,Samurai Commando: Mission 1549,,2005-06-11,戦国自衛隊1549,/films/samurai-commando-mission-1549-2005,120,/static/images/films/posters/samurai-commando-mission-1549-2005.webp,Sengoku Jieitai 1549,Sengoku Self Defense Force 1549,[]
samurai-i-musashi-miyamoto-1954,TRUE,Samurai I: Musashi Miyamoto,Musashi Miyamoto,1954-09-26,宮本武蔵,/films/samurai-i-musashi-miyamoto-1954,94,/static/images/films/posters/samurai-i-musashi-miyamoto-1954.webp,Miyamoto Musashi,Miyamoto Musashi,[]
samurai-ii-duel-at-ichijoji-temple-1955,TRUE,Samurai II: Duel at Ichijoji Temple,Musashi Miyamoto,1955-07-12,續宮本武蔵 一乘寺の決斗,/films/samurai-ii-duel-at-ichijoji-temple-1955,103,/static/images/films/posters/samurai-ii-duel-at-ichijoji-temple-1955.webp,Zoku Miyamoto Musashi Ichijôji No Kettô,Continued Miyamoto Musashi Duel at Ichijoji,[]
samurai-iii-duel-at-ganryu-island-1956,TRUE,Samurai III: Duel at Ganryu Island,Musashi Miyamoto,1956-01-03,宮本武蔵 完結篇 決闘巌流島,/films/samurai-iii-duel-at-ganryu-island-1956,104,/static/images/films/posters/samurai-iii-duel-at-ganryu-island-1956.webp,Miyamoto Musashi Kanketsu-hen Kettô Ganryû-jima,Miyamoto Musashi Final Chapter Duel Ganryu Island,[]
samurai-reincarnation-1981,TRUE,Samurai Reincarnation,,1981-06-06,魔界転生,/films/samurai-reincarnation-1981,122,/static/images/films/posters/samurai-reincarnation-1981.webp,Makai Tenshô,Demon World Incarnation,[]
sanjuro-1962,TRUE,Sanjuro,Yojimbo,1962-01-01,椿三十郎,/films/sanjuro-1962,96,/static/images/films/posters/sanjuro-1962.webp,Tsubaki Sanjûrô,Tsubaki Sanjuro,[]
sanshiro-sugata-1943,FALSE,Sanshiro Sugata,Sanshiro Sugata,1943-03-25,姿三四郎,,,,,,
sanshiro-sugata-part-two-1945,FALSE,Sanshiro Sugata: Part Two,Sanshiro Sugata,1945-05-03,續姿三四郎,,,,,,
sayonara-jupiter-1984,TRUE,Sayonara Jupiter,,1984-03-17,さよならジュピター,/films/sayonara-jupiter-1984,129,/static/images/films/posters/sayonara-jupiter-1984.webp,Sayonara Jupitâ,Goodbye Jupiter,[]
secret-of-the-telegian-1960,TRUE,The Secret of the Telegian,,1960-04-10,電送人間,/films/secret-of-the-telegian-1960,85,/static/images/films/posters/secret-of-the-telegian-1960.webp,Densô Ningen,Transmitted Man,[]
secret-savings-president-1956,FALSE,Secret Savings President,Company President,1956-01-03,へそくり社長,,,,,,[]
secret-savings-president-part-ii-1956,FALSE,Secret Savings President: Part II,Company President,1956-03-20,続へそくり社長,,,,,,[]
seven-samurai-1954,TRUE,Seven Samurai,,1954-04-26,七人の侍,/films/seven-samurai-1954,207,/static/images/films/posters/seven-samurai-1954.webp,Shichinin No Samurai,Seven Samurai,[]
shimizu-port-salaryman-1962,FALSE,Shimizu Port Salaryman,Company President,1962-01-03,サラリーマン清水港,,,,,,[]
shimizu-port-salaryman-part-ii-1962,FALSE,Shimizu Port Salaryman: Part II,Company President,1962-03-07,続サラリーマン清水港,,,,,,[]
shin-godzilla-2016,TRUE,Shin Godzilla,Godzilla,2016-07-29,シン・ゴジラ,/films/shin-godzilla-2016,119,/static/images/films/posters/shin-godzilla-2016.webp,Shin Gojira,Shin Godzilla,"[{""alias"":""Godzilla Resurgence"",""context"":""International Title""}]"
shinobi-heart-under-blade-2005,TRUE,Shinobi: Heart Under Blade,,2005-09-17,SHINOBI-HEART UNDER BLADE-,/films/shinobi-heart-under-blade-2005,101,/static/images/films/posters/shinobi-heart-under-blade-2005.webp,,,[]
singing-young-guy-1966,FALSE,Singing Young Guy,Young Guy,1966-09-10,歌う若大将,,,,,,
sinking-of-japan-2006,TRUE,The Sinking of Japan,,2006-07-15,日本沈没,/films/sinking-of-japan-2006,135,/static/images/films/posters/sinking-of-japan-2006.webp,Nihon Chinbotsu,Japan Sinks,[]
sir-galahad-in-campus-1961,FALSE,Sir Galahad in Campus,Young Guy,1961-07-08,大学の若大将,,,,,,
sky-crawlers-2008,TRUE,The Sky Crawlers,,2008-08-02,スカイ・クロラ The Sky Crawlers,/films/sky-crawlers-2008,122,/static/images/films/posters/sky-crawlers-2008.webp,Sukai Kurora The Sky Crawlers,Sky Crawler The Sky Crawlers,[]
sky-high-2003,TRUE,Sky High,,2003-11-08,スカイハイ 劇場版,/films/sky-high-2003,123,/static/images/films/posters/sky-high-2003.webp,Sukaihai Gekijô-ban,Sky High the Movie,[]
son-of-godzilla-1967,TRUE,Son of Godzilla,Godzilla,1967-12-16,怪獣島の決戦 ゴジラの息子,/films/son-of-godzilla-1967,86,/static/images/films/posters/son-of-godzilla-1967.webp,Kaijû-to No Kessen Gojira No Musuko,Decisive Battle on Monster Island Son of Godzilla,[]
space-amoeba-1970,TRUE,Space Amoeba,,1970-08-01,ゲゾラ・ガニメ・カメーバ 決戦！ 南海の大怪獣,/films/space-amoeba-1970,84,/static/images/films/posters/space-amoeba-1970.webp,Gezora Ganime Kamêba Kessen! Nankai No Daikaijû,Gezora Ganime Kamoebas Decisive Battle! Giant Monsters of the South Seas,"[{""alias"":""Yog, Monster from Space"",""context"":""American Theatrical Release""}]"
space-battleship-yamato-2010,TRUE,Space Battleship Yamato,,2010-12-01,SPACE BATTLESHIP ヤマト,/films/space-battleship-yamato-2010,138,/static/images/films/posters/space-battleship-yamato-2010.webp,Space Battleship Yamato,Space Battleship Yamato,[]
spiral-1998,TRUE,Spiral,Ring,1998-01-31,らせん,/films/spiral-1998,97,/static/images/films/posters/spiral-1998.webp,Rasen,Spiral,"[{""alias"":""Rasen"",""context"":""American Home Video""}]"
spirited-away-2001,TRUE,Spirited Away,,2001-07-20,千と千尋の神隠し,/films/spirited-away-2001,124,/static/images/films/posters/spirited-away-2001.webp,Sen To Chihiro No Kamikakushi,Sen and Chihiro's Mysterious Disappearance,[]
stand-by-me-doraemon-2-2020,FALSE,Stand By Me Doraemon 2,Stand By Me Doraemon,2020-11-20,STAND BY ME ドラえもん 2,,,,,,
stand-by-me-doraemon-2014,TRUE,Stand By Me Doraemon,Stand By Me Doraemon,2014-08-08,STAND BY ME ドラえもん,/films/stand-by-me-doraemon-2014,95,/static/images/films/posters/stand-by-me-doraemon-2014.webp,Stand By Me Doraemon,Stand By Me Doraemon,[]
stray-dog-1949,FALSE,Stray Dog,,1949-10-17,野良犬,,,,,,
stray-dog-kerberos-panzer-cops-1991,TRUE,Stray Dog: Kerberos Panzer Cops,Kerberos,1991-03-23,ケルベロス-地獄の番犬,/films/stray-dog-kerberos-panzer-cops-1991,99,/static/images/films/posters/stray-dog-kerberos-panzer-cops-1991.webp,Keruberosu -Jigoku No Banken-,Kerberos -Hell's Watchdog-,[]
submersion-of-japan-1973,TRUE,Submersion of Japan,,1973-12-29,日本沈没,/films/submersion-of-japan-1973,140,/static/images/films/posters/submersion-of-japan-1973.webp,Nihon Chinbotsu,Japan Sinks,"[{""alias"":""Tidal Wave"",""context"":""American Theatrical Release""}]"
sword-of-alexander-2007,TRUE,The Sword of Alexander,,2007-04-07,大帝の剣,/films/sword-of-alexander-2007,110,/static/images/films/posters/sword-of-alexander-2007.webp,Taitei No Ken,Sword of the Great Emperor,[]
sword-of-doom-1966,FALSE,The Sword of Doom,,1966-02-25,大菩薩峠,,,,,,
tale-of-zatoichi-1962,TRUE,The Tale of Zatoichi,Zatoichi,1962-04-18,座頭市物語,/films/tale-of-zatoichi-1962,96,/static/images/films/posters/tale-of-zatoichi-1962.webp,Zatôichi Monogatari,Zatôichi Story,[]
tale-of-zatoichi-continues-1962,TRUE,The Tale of Zatoichi Continues,Zatoichi,1962-10-12,続・座頭市物語,/films/tale-of-zatoichi-continues-1962,73,/static/images/films/posters/tale-of-zatoichi-continues-1962.webp,Zoku Zatôichi Monogatari,Continued Zatôichi Story,[]
talking-head-1992,TRUE,Talking Head,,1992-10-10,トーキング・ヘッド,/films/talking-head-1992,105,/static/images/films/posters/talking-head-1992.webp,Tôkingu Heddo,Talking Head,[]
terror-of-mechagodzilla-1975,TRUE,Terror of Mechagodzilla,Godzilla,1975-03-15,メカゴジラの逆襲,/films/terror-of-mechagodzilla-1975,83,/static/images/films/posters/terror-of-mechagodzilla-1975.webp,Mekagojira No Gyakushû,Mechagodzilla Strikes Back,"[{""alias"":""The Terror of Godzilla"",""context"":""American Theatrical Release""}]"
tetsujin-28-2005,TRUE,Tetsujin-28,,2005-03-19,鉄人28号,/films/tetsujin-28-2005,114,/static/images/films/posters/tetsujin-28-2005.webp,Tetsujin 28-gô,Tetsujin 28,[]
this-is-my-sky-young-guy-1970,FALSE,This is My Sky! Young Guy,Young Guy,1970-08-14,俺の空だぜ!若大将,,,,,,
three-generations-of-presidents-1958,FALSE,Three Generations of Presidents,Company President,1958-01-03,社長三代記,,,,,,[]
three-generations-of-presidents-part-ii-1958,FALSE,Three Generations of Presidents: Part II,Company President,1958-03-18,続・社長三代記,,,,,,[]
three-outlaw-samurai-1964,TRUE,Three Outlaw Samurai,,1964-05-13,三匹の侍,/films/three-outlaw-samurai-1964,94,/static/images/films/posters/three-outlaw-samurai-1964.webp,Sanbiki No Samurai,Three Samurai,[]
three-treasures-1959,TRUE,The Three Treasures,,1959-10-25,日本誕生,/films/three-treasures-1959,182,/static/images/films/posters/three-treasures-1959.webp,Nihon Tanjô,Birth of Japan,[]
throne-of-blood-1957,TRUE,Throne of Blood,,1957-01-15,蜘蛛巣城,/films/throne-of-blood-1957,110,/static/images/films/posters/throne-of-blood-1957.webp,Kumonosu-jô,Spider Web Castle,[]
tokyo-blackout-1987,TRUE,Tokyo Blackout,,1987-01-17,首都消失,/films/tokyo-blackout-1987,120,/static/images/films/posters/tokyo-blackout-1987.webp,Shuto Shôshitsu,Disappearance of the Capital,[]
tokyo-story-1953,FALSE,Tokyo Story,,1953-11-03,東京物語,,,,,,
top-secret-murder-in-mind-2016,TRUE,The Top Secret: Murder in Mind,,2016-08-06,秘密 THE TOP SECRET,/films/top-secret-murder-in-mind-2016,148,/static/images/films/posters/top-secret-murder-in-mind-2016.webp,Himitsu The Top Secret,Secret The Top Secret,[]
tora-tora-tora-1970,FALSE,Tora! Tora! Tora!,,1970-09-23,トラ・トラ・トラ！,,,,,,
trap-of-suicide-kilometer-1964,FALSE,Trap of Suicide Kilometer,International Secret Police,1964-02-14,国際秘密警察 虎の牙
triumphant-return-of-general-rouge-2009,TRUE,The Triumphant Return of General Rouge,Team Batista,2009-03-07,ジェネラル・ルージュの凱旋,/films/triumphant-return-of-general-rouge-2009,123,/static/images/films/posters/triumphant-return-of-general-rouge-2009.webp,Jeneraru Rûju No Gaisen,Triumph of General Rouge,[]
tsubaki-sanjuro-2007,TRUE,Tsubaki Sanjuro,,2007-12-01,椿三十郎,/films/tsubaki-sanjuro-2007,119,/static/images/films/posters/tsubaki-sanjuro-2007.webp,Tsubaki Sanjûrô,Tsubaki Sanjuro,[]
twilight-of-honor-1963,FALSE,Twilight of Honor,,1963-10-16,,,,,,,
ultraman-the-next-2004,TRUE,Ultraman: The Next,,2004-12-18,ULTRAMAN,/films/ultraman-the-next-2004,97,/static/images/films/posters/ultraman-the-next-2004.webp,,,[]
vampire-doll-1970,TRUE,The Vampire Doll,Bloodthirsty,1970-07-04,幽霊屋敷の恐怖 血を吸う人形,/films/vampire-doll-1970,71,/static/images/films/posters/vampire-doll-1970.webp,Yûrei Yashiki No Kyôfu Chiwosuu Ningyô,Horror of the Haunted House Bloodthirsty Doll,[]
varan-the-unbelievable-1958,TRUE,Varan the Unbelievable,,1958-10-14,大怪獣バラン,/films/varan-the-unbelievable-1958,82,/static/images/films/posters/varan-the-unbelievable-1958.webp,Daikaijû Baran,Giant Monster Varan,[]
versus-2000,TRUE,Versus,,2000-09-08,VERSUS,/films/versus-2000,119,/static/images/films/posters/versus-2000.webp,,,[]
war-in-space-1977,TRUE,The War in Space,,1977-12-17,惑星大戦争,/films/war-in-space-1977,91,/static/images/films/posters/war-in-space-1977.webp,Wakusei Daisensô,Great Planetary War,[]
war-of-the-gargantuas-1966,TRUE,War of the Gargantuas,Frankenstein,1966-07-31,フランケンシュタインの怪獣 サンダ対ガイラ,/films/war-of-the-gargantuas-1966,88,/static/images/films/posters/war-of-the-gargantuas-1966.webp,Furankenshutain No Kaijû Sanda Tai Gaira,Frankenstein's Monsters Sanda vs. Gaira,[]
warning-from-space-1956,TRUE,Warning from Space,,1956-01-29,宇宙人東京に現わる,/films/warning-from-space-1956,82,/static/images/films/posters/warning-from-space-1956.webp,Uchûjin Tôkyô Ni Arawaru,Aliens Appear in Tokyo,[]
whirlwind-1964,TRUE,Whirlwind,Osaka Castle,1964-01-03,士魂魔道 大龍巻,/films/whirlwind-1964,106,/static/images/films/posters/whirlwind-1964.webp,Shikon Madô Daitatsumaki,Warrior's Spirit Great Tornado,[]
wind-rises-2013,TRUE,The Wind Rises,,2013-07-20,風立ちぬ,/films/wind-rises-2013,126,/static/images/films/posters/wind-rises-2013.webp,Kaze Tachinu,Wind Rises,[]
wrath-of-daimajin-1966,TRUE,Wrath of Daimajin,Daimajin,1966-12-10,大魔神逆襲,/films/wrath-of-daimajin-1966,87,/static/images/films/posters/wrath-of-daimajin-1966.webp,Daimajin Gyakushû,Daimajin Strikes Back,"[{""alias"":""Daimajin Strikes Again"",""context"":""American Home Video""}]"
wxiii-patlabor-the-movie-3-2001,FALSE,WXIII: Patlabor the Movie 3,Patlabor,2002-03-30,WXIII 機動警察パトレイバー
x-from-outer-space-1967,TRUE,The X from Outer Space,,1967-03-25,宇宙大怪獣ギララ,/films/x-from-outer-space-1967,88,/static/images/films/posters/x-from-outer-space-1967.webp,Uchû Daikaijû Girara,Giant Space Monster Guilala,[]
year-one-in-the-north-2005,FALSE,Year One in the North,,2005-01-15,北の零年,,,,,,
yojimbo-1961,TRUE,Yojimbo,Yojimbo,1961-04-25,用心棒,/films/yojimbo-1961,110,/static/images/films/posters/yojimbo-1961.webp,Yôjinbô,Bodyguard,[]
you-only-live-twice-1967,FALSE,You Only Live Twice,,1967-06-13,,,,,,,
young-guy-at-sea-1965,FALSE,Young Guy at Sea,Young Guy,1965-08-08,海の若大将,,,,,,
young-guy-in-hawaii-1963,FALSE,Young Guy in Hawaii,Young Guy,1963-08-11,ハワイの若大将,,,,,,
young-guy-in-new-zealand-1969,FALSE,Young Guy in New Zealand,Young Guy,1969-07-12,ニュージーランドの若大将,,,,,,
young-guy-in-rio-1968,FALSE,Young Guy in Rio,Young Guy,1968-07-13,リオの若大将,,,,,,
young-guy-vs-blue-guy-1971,FALSE,Young Guy vs. Blue Guy,Young Guy,1971-01-09,若大将対青大将,,,,,,
zatoichi-1989,TRUE,Zatoichi,Zatoichi,1989-02-04,座頭市,/films/zatoichi-1989,116,/static/images/films/posters/zatoichi-1989.webp,Zatôichi,Zatôichi,[]
zatoichi-and-the-chess-expert-1965,TRUE,Zatoichi and the Chess Expert,Zatoichi,1965-12-24,座頭市地獄旅,/films/zatoichi-and-the-chess-expert-1965,87,/static/images/films/posters/zatoichi-and-the-chess-expert-1965.webp,Zatôichi Jigoku Tabi,Zatôichi Hell Journey,[]
zatoichi-and-the-chest-of-gold-1964,TRUE,Zatoichi and the Chest of Gold,Zatoichi,1964-03-14,座頭市千両首,/films/zatoichi-and-the-chest-of-gold-1964,83,/static/images/films/posters/zatoichi-and-the-chest-of-gold-1964.webp,Zatôichi Senryôkubi,Zatôichi Thousand Ryô Neck,[]
zatoichi-and-the-doomed-man-1965,TRUE,Zatoichi and the Doomed Man,Zatoichi,1965-09-18,座頭市逆手斬り,/films/zatoichi-and-the-doomed-man-1965,78,/static/images/films/posters/zatoichi-and-the-doomed-man-1965.webp,Zatôichi Gyakute Kiri,Zatôichi Reverse Slash,[]
zatoichi-and-the-fugitives-1968,TRUE,Zatoichi and the Fugitives,Zatoichi,1968-08-10,座頭市果し状,/films/zatoichi-and-the-fugitives-1968,82,/static/images/films/posters/zatoichi-and-the-fugitives-1968.webp,Zatôichi Hatashijô,Zatôichi Letter of Challenge,[]
zatoichi-at-large-1972,TRUE,Zatoichi at Large,Zatoichi,1972-01-15,座頭市御用旅,/films/zatoichi-at-large-1972,90,/static/images/films/posters/zatoichi-at-large-1972.webp,Zatôichi Goyôtabi,Zatôichi Errand,[]
zatoichi-challenged-1967,TRUE,Zatoichi Challenged,Zatoichi,1967-12-30,座頭市血煙り街道,/films/zatoichi-challenged-1967,87,/static/images/films/posters/zatoichi-challenged-1967.webp,Zatôichi Chikemurikaidô,Zatôichi Blood Smoke Road,[]
zatoichi-goes-to-the-fire-festival-1970,TRUE,Zatoichi Goes to the Fire Festival,Zatoichi,1970-08-12,座頭市あばれ火祭り,/films/zatoichi-goes-to-the-fire-festival-1970,96,/static/images/films/posters/zatoichi-goes-to-the-fire-festival-1970.webp,Zatôichi Abare-hi Matsuri,Zatôichi Fire Festival,[]
zatoichi-in-desperation-1972,TRUE,Zatoichi in Desperation,Zatoichi,1972-09-02,新座頭市物語 折れた杖,/films/zatoichi-in-desperation-1972,95,/static/images/films/posters/zatoichi-in-desperation-1972.webp,Shin Zatôichi Monogatari Oreta Tsue,New Zatôichi Story Broken Cane,[]
zatoichi-meets-the-one-armed-swordsman-1971,TRUE,Zatoichi Meets the One-Armed Swordsman,Zatoichi,1971-01-13,新座頭市・破れ！唐人剣,/films/zatoichi-meets-the-one-armed-swordsman-1971,94,/static/images/films/posters/zatoichi-meets-the-one-armed-swordsman-1971.webp,Shin Zatôichi Yabure! Tôjinken,New Zatôichi Slash! Chinese Sword,[]
zatoichi-meets-yojimbo-1970,TRUE,Zatoichi Meets Yojimbo,Zatoichi,1970-01-15,座頭市と用心棒,/films/zatoichi-meets-yojimbo-1970,115,/static/images/films/posters/zatoichi-meets-yojimbo-1970.webp,Zatôichi To Yôjinbô,Zatôichi and Yojimbo,[]
zatoichi-on-the-road-1963,TRUE,Zatoichi on the Road,Zatoichi,1963-11-30,座頭市喧嘩旅,/films/zatoichi-on-the-road-1963,88,/static/images/films/posters/zatoichi-on-the-road-1963.webp,Zatôichi Kenkatabi,Zatôichi Fighting Journey,[]
zatoichi-the-fugitive-1963,TRUE,Zatoichi the Fugitive,Zatoichi,1963-08-10,座頭市兇状旅,/films/zatoichi-the-fugitive-1963,86,/static/images/films/posters/zatoichi-the-fugitive-1963.webp,Zatôichi Kyôjôtabi,Zatôichi Funeral Journey,[]
zatoichi-the-outlaw-1967,TRUE,Zatoichi the Outlaw,Zatoichi,1967-08-12,座頭市牢破り,/films/zatoichi-the-outlaw-1967,96,/static/images/films/posters/zatoichi-the-outlaw-1967.webp,Zatôichi Rôyaburi,Zatôichi Prisonbreaker,[]
zatoichis-cane-sword-1967,TRUE,Zatoichi's Cane Sword,Zatoichi,1967-01-03,座頭市鉄火旅,/films/zatoichis-cane-sword-1967,93,/static/images/films/posters/zatoichis-cane-sword-1967.webp,Zatôichi Tekkatabi,Zatôichi Fire Journey,[]
zatoichis-conspiracy-1973,TRUE,Zatoichi's Conspiracy,Zatoichi,1973-04-21,新座頭市物語 笠間の血祭り,/films/zatoichis-conspiracy-1973,88,/static/images/films/posters/zatoichis-conspiracy-1973.webp,Shin Zatôichi Monogatari Kasama No Chimatsuri,New Zatôichi Story Kasama Blood Festival,[]
zatoichis-flashing-sword-1964,TRUE,Zatoichi's Flashing Sword,Zatoichi,1964-07-11,座頭市あばれ凧,/films/zatoichis-flashing-sword-1964,82,/static/images/films/posters/zatoichis-flashing-sword-1964.webp,Zatôichi Abaredako,Zatôichi Wild Kite,[]
zatoichis-pilgrimage-1966,TRUE,Zatoichi's Pilgrimage,Zatoichi,1966-08-13,座頭市海を渡る,/films/zatoichis-pilgrimage-1966,82,/static/images/films/posters/zatoichis-pilgrimage-1966.webp,Zatôichi Umiwowataru,Zatôichi Across the Sea,[]
zatoichis-revenge-1965,TRUE,Zatoichi's Revenge,Zatoichi,1965-04-03,座頭市二段斬り,/films/zatoichis-revenge-1965,84,/static/images/films/posters/zatoichis-revenge-1965.webp,Zatôichi Nidangiri,Zatôichi Double Slash,[]
zatoichis-vengeance-1966,TRUE,Zatoichi's Vengeance,Zatoichi,1966-05-03,座頭市の歌が聞える,/films/zatoichis-vengeance-1966,83,/static/images/films/posters/zatoichis-vengeance-1966.webp,Zatôichi No Uta Ga Kikoeru,I Can Hear the Song of Zatôichi,[]
zeiram-1991,TRUE,Zëiram,Zëiram,1991-12-21,ゼイラム,/films/zeiram-1991,97,/static/images/films/posters/zeiram-1991.webp,Zeiramu,Zëiram,[]
zeiram-2-1994,TRUE,Zëiram 2,Zëiram,1994-12-17,ゼイラム2,/films/zeiram-2-1994,100,/static/images/films/posters/zeiram-2-1994.webp,Zeiramu 2,Zëiram 2,[]
prince-of-space-1959,TRUE,Prince of Space,Prince of Space,1959-05-19,遊星王子,/films/prince-of-space-1959,57,/static/images/films/posters/prince-of-space-1959.webp,Yûsei Ôji,Planet Prince
terrifying-spaceship-1959,FALSE,The Terrifying Spaceship,Prince of Space,1959-05-25,遊星王子 恐怖の宇宙船,,64,,Yûsei Ôji Kyôfu No Uchûsen,"Planet Prince Spaceship of Terror"